warehouse_block,customer_rating
A,2.9574468085106385
B,2.9803600654664484
C,2.993998908892526
D,3.0179934569247546
F,2.9967266775777412
