customer_care_calls,customer_rating
2,3.0172413793103448
3,2.9599005284426485
4,2.9980320494798987
5,2.972938144329897
6,3.08390918065153
7,2.9959349593495936
