customer_gender,customer_rating
F,2.986654643823264
M,2.9944994499449944
