warehouse_block,discount_offered
A,13.222585924713584
B,13.187124931805783
C,13.39989088925259
D,13.093784078516903
F,13.668030551009274
