mode_of_shipment,arrived_on_time
Flight,0.6015756893640968
Road,0.5880681818181818
Ship,0.5975609756097561
