product_importance,prior_purchases
high,3.6571729957805905
low,3.5282235227487257
medium,3.5936053849389986
