warehouse_block,arrived_on_time
A,0.5864702673213311
B,0.602291325695581
C,0.59683578832515
D,0.5976008724100327
F,0.5984724495362793
