product_importance,customer_rating
high,2.9936708860759493
low,2.98357560883519
medium,2.9976861590239796
